{
  "title": "SofaStarter启动",
  "cells": [
    {
      "type": "markdown",
      "data": "# 交互时序图\n![SofaStarter启动.png](quiver-image-url/5B9C0CE4D1FF455D31FDACFD38F71270.png =956x1513)\n\n## 启动步骤\n* Step1：修改jar包依赖加载顺序\n  - 将headJars排在jar包加载顺序的前列\n    - javax.servlet-3.0.0.v201103241009.jar\n    - junit-4.10.jar\n    - sofa-runtime-test-4.0.8.2.jar\n  - 排除jar包依赖\n    - 任何名称包含validation-api的jar包\n  \n  排除掉的jar包指的是在pom文件中定义dependency时用<exclude>标签排除掉的jar包\n* Step2：初始化sofa配置\n  加载配置文件顺序：\n  - /sofaconfig/sofa-test-config.properties（默认）\n  - /sofaconfig/\\*\\*/\\*sofa-test-config.properties（用户配置）\n  - 任何以“sofatest.”起头的系统环境变量（可覆盖默认及用户配置，通常用于持续集成环境）\n* Step3：准备cloudengine\n  - 设置中间件的端口\n\n  | 中间件           | 协议          |  端口 |\n  | ---------------- |:-------------:| -----:|\n  | SOFA-RPC         | TR            | 12200 |\n  | SOFA-RPC         | WS            |  8080 |\n  | DRM              | TR            |  9877 |\n  | DRM              | RMI           |  9875 |\n  | SOFA runtime     | health check  |  9500 |\n  | Sofa-Scheduler   |               |  9999 |\n  - 如果未指定CLOUNDENGINE_HOME，解压一个自带的压缩包cloudengine.zip\n  (自带的压缩包放在sofa-runtime-test-cloudengine.jar文件内)\n* Step4：生成ACE压缩文件\n  压缩包里主要包括以下文件（目录结构见下图，本例子中没用到cloudengine插件）：\n  ![WechatIMG2.jpeg](quiver-image-url/50ACC60CE4DBA4A69A4CE65F30291C63.jpg =295x268)\n  - **autoconfig**：sofa-config.properties\n  - **config**：log4j配置、zdal配置（如果有）\n  - **core**：项目jar包（osgi bundle），如sample-core-app-common-service-facade.jar\n  - **lib**：第三方jar包，如alipay-common-lang.jar\n  - **cloudengine-plugins**：CE插件，非必须，通常一个完整的sofa项目会包括以下插件：\n    - xts-client-ce-plugin\n    - zdal-client-ce-plugin\n    - zdal-ocs-ce-plugin\n    - zdal-oss-ce-plugin\n    在解析pom文件的时候，如发现依赖artifact的type为ce-plugin则认为是CE插件\n    ```xml\n    <dependency> \n      <groupId>com.alipay.cloudengine.plugins</groupId> \n      <artifactId>zdal-client-plugin</artifactId> \n      <version>${project.version}</version> \n      <type>ce-plugin</type> \n    </dependency>\n    ```\n  - **META-INF**：MANIFEST.MF文件，需符合OSGi规范\n  - **platform**：sofa-platform-cache.jar\n* Step5：保存当前线程上下文的classloader以待后续恢复现场\n```java\n    public Framework launch(String appType) throws Exception {\n        Framework fwk = null;\n        ClassLoader tcl = Thread.currentThread().getContextClassLoader();\n        try {\n            prepareEnv();\n            pushThreadContextClassLoader();\n            fwk = CELauncher.launchCloudEngine(prepareCeLaunchArgs(appType));\n        } catch (Exception e) {\n            if (e instanceof RuntimeException) {\n                throw e;\n            } else {\n                throw new RuntimeException(\"failed to invoke test execution\", e);\n            }\n        } finally {\n            popThreadContextClassLoader(tcl);\n        }\n        return fwk;\n    }\n```\n* Step6：生成sofa-runtime-test的插件\n  ![WechatIMG4.jpeg](quiver-image-url/6A3BC6C153519952BA99ADFADF34298A.jpg =205x383)\n  - 检查CLOUDENGINE_HOME是否已经准备就绪\n  - 拷贝log4j配置log4j-for-test.properties\n  - 清理deploy目录\n  - 生成插件\n* Step7：准备CE容器的classloader\n  - 从cloundengine/server目录下装载所有jar文件到URLClassLoader\n  ![WechatIMG5.jpeg](quiver-image-url/F973D28C51C40703237B5E6B2A7B27B8.jpg =292x381)\n  - 绑定到当前线程上下文上（step5中已经保存过原始测试运行时classloader）\n* Step8：初始化测试参数，模拟脚本在启动CE时构造的参数\n  - OSGi的配置文件路径：/app/test/target/test-classes/cloudengine/server/profile.core.properties\n  - OSGi的Configuration Area路径：/app/test/target/test-classes/cloudengine/work/osgi/configuration\n  - Tomcat配置文件路径：/app/test/target/test-classes/cloudengine/config/tomcat-config-local.xml\n    (在类unix系统下，将80端口换成7777端口，因为80端口默认被httpd占用)\n  - OSGi Console端口号：1234\n  - BootDelegation包\n    - com.sun.*\n    - javax.xml.*\n    - javax.*\n    - org.apache.xerces.jaxp.*\n    - org.w3c.*\n    - org.xml.*\n    - sun.*\n    - org.junit.*\n    - org.junit\n    - org.hamcrest\n    - org.hamcrest.*\n    - com.alipay.sofa.runtime.test.util\n    - junit.*\n    - com.alipay.sofa.runtime.test.holder\n    - org.jboss.shrinkwrap.*\n    - org.testng,org.testng.*\n* Step9：启动CE容器\n  详细过程见《**CELauncher启动**》，在此处不再深入\n  方法：com.alipay.cloudengine.launcher.CELauncher#launchCloudEngine\n  参数：\n  - -Dlog4j.ignoreTCL=true\n  - -config=<OSGi的配置文件路径>\n  - -Fcom.alipay.cloudengine.kernel.home=<前部略...>/app/test/target/test-classes/cloudengine\n  - -Fcom.alipay.cloudengine.kernel.config=<前部略...>/app/test/target/test-classes/cloudengine/config\n  - -Fosgi.configuration.area=<OSGi的Configuration Area路径>\n  - -Forg.eclipse.gemini.web.tomcat.config.path=<Tomcat配置文件路径>\n  - -Fosgi.java.profile.bootdelegation=ignore\n  - -Forg.osgi.framework.bootdelegation=<BootDelegation包>\n  - -Fosgi.console=1234\n* Step10：安装并启动测试bundle\n  详细过程见《**安装并启动bundle**》，在此处不再深入\n  - 在当前的classpath下寻找sofa-runtime-test前缀的jar文件（测试bundle命名规则）\n  - 安装测试bundle到bundleContext\n  - 启动测试bundle\n* Step11：最后恢复当前线程上下文的classloader\n\n## 启动完成\n![WechatIMG6.jpeg](quiver-image-url/711FA152D575A7DA008E994EAC908EE8.jpg =716x244)\n\n# 问题与思考\n- [ ] 为什么对jar包依赖重排序？（将javax.servlet排在最前面，且将validation-api去掉）\n- [ ] ace文件中sofa-platform-cache为什么要单独打包到platform目录？\n- [X] 启动CE时为什么需要保存当前线程上下文中的classloader并在启动完毕后恢复？\n  是因为bundle和应用服务器的classloader是要求隔离的\n  ![image002.png](quiver-image-url/9FAC370C03FA485472734A1EDCD87D11.png =528x289)\n- [ ] \"the-integration-testing-bundle\"和\"the-on-the-fly-module\"是怎么产生的？\n- [ ] OSGi的MANIFEST.MF文件规范是什么样子的？"
    },
    {
      "type": "markdown",
      "data": ""
    },
    {
      "type": "markdown",
      "data": ""
    },
    {
      "type": "markdown",
      "data": ""
    }
  ]
}